tau,regular_loss,naughty_loss
0, 256, 512, 768, 1024, 1280, 1536, 1792, 2048, 2304, 2560, 3072, 3584, 4096, 4608, 5120, 6144, 7168, 8192, 9216, 10240, 12288, 14336, 16384, 18432, 20480, 24576, 28672, 32768, 36864, 40960, 49152, 57344, 65536, 73728, 81920, 98304, 114688, 131072, 147456, 163840, 196608, 229376, 262144, 294912, 327680, 393216, 458752, 524288, 589824, 655360, 786432, 917504, 1048576, 1179648, 1310720, 1572864, 1835008, 2097152, 2359296, 2621440, 3145728, 3670016, 4194304, 4718592, 5242880, 6291456, 7340032, 8388608, 9437184, 10485760, 12582912, 14680064, 16777216, 18874368, 20971520, 25165824, 29360128, 33554432, 37748736, 41943040, 50331648, 58720256, 67108864, 75497472, 83886080, 100663296, 117440512, 134217728, 150994944, 150.006140, 16.664925
