tau,naughty_mean,naughty_tenant_number,state_r,upper_queue_buffer,link_queue_buffer,average_loss
51200, 140, 50, 0.967500, 1, 100, 0.663955
51200, 140, 50, 0.977500, 1, 100, 2.709693
51200, 140, 50, 0.987500, 1, 100, 8.512440
